{
  "generated_at": "2026-05-12T13:08:56.233891",
  "n_resamples": 1000,
  "rows": [
    {
      "layer": "v1 baseline (equal-weight)",
      "flags": {
        "enable_vol_target": false,
        "enable_regime_gate": false,
        "enable_corr_filter": false
      },
      "metrics": {
        "total_return": 5.61190018371018,
        "annualized_return": 0.3408840712149208,
        "sharpe_ratio": 0.9506650717231405,
        "max_drawdown": -0.5407746906023844,
        "hit_rate": 0.5476923076923077,
        "n_periods": 325.0,
        "n_years": 6.44
      },
      "ci": {
        "n_resamples": 1000,
        "alpha": 0.05,
        "ci_level": 0.95,
        "n_trades": 325,
        "n_years": 6.44,
        "sharpe_ratio": {
          "point": 0.9506650717231405,
          "ci_low": 0.16122103406579277,
          "ci_high": 1.6885579146932561,
          "ci_alpha": 0.05
        },
        "annualized_return": {
          "point": 0.3408840712149208,
          "ci_low": -0.01189747767985317,
          "ci_high": 0.7824172045491178,
          "ci_alpha": 0.05
        },
        "max_drawdown": {
          "point": -0.5407746906023844,
          "ci_low": -0.7456151183976957,
          "ci_high": -0.2885828313714563,
          "ci_alpha": 0.05
        },
        "hit_rate": {
          "point": 0.5476923076923077,
          "ci_low": 0.49223076923076925,
          "ci_high": 0.5969230769230769,
          "ci_alpha": 0.05
        },
        "total_return": {
          "point": 5.61190018371018,
          "ci_low": -0.07418065189016569,
          "ci_high": 40.35250786894132,
          "ci_alpha": 0.05
        }
      },
      "n_trades": 325,
      "avg_gross_weight": 1.0,
      "n_risk_off_rebalances": 0,
      "delta_vs_prev": null,
      "delta_vs_baseline": null
    },
    {
      "layer": "+ vol-targeted sizing",
      "flags": {
        "enable_vol_target": true,
        "enable_regime_gate": false,
        "enable_corr_filter": false
      },
      "metrics": {
        "total_return": 3.4148413615563253,
        "annualized_return": 0.25936331416208325,
        "sharpe_ratio": 1.0844487970103813,
        "max_drawdown": -0.34357990939925925,
        "hit_rate": 0.5507692307692308,
        "n_periods": 325.0,
        "n_years": 6.44
      },
      "ci": {
        "n_resamples": 1000,
        "alpha": 0.05,
        "ci_level": 0.95,
        "n_trades": 325,
        "n_years": 6.44,
        "sharpe_ratio": {
          "point": 1.0844487970103813,
          "ci_low": 0.30730961600169937,
          "ci_high": 1.8239626332179846,
          "ci_alpha": 0.05
        },
        "annualized_return": {
          "point": 0.25936331416208325,
          "ci_low": 0.0463287212950114,
          "ci_high": 0.5092060371043909,
          "ci_alpha": 0.05
        },
        "max_drawdown": {
          "point": -0.34357990939925925,
          "ci_low": -0.5013240496521482,
          "ci_high": -0.17121573790365413,
          "ci_alpha": 0.05
        },
        "hit_rate": {
          "point": 0.5507692307692308,
          "ci_low": 0.4953076923076923,
          "ci_high": 0.600076923076923,
          "ci_alpha": 0.05
        },
        "total_return": {
          "point": 3.4148413615563253,
          "ci_low": 0.3386410678449773,
          "ci_high": 13.162520725257345,
          "ci_alpha": 0.05
        }
      },
      "n_trades": 325,
      "avg_gross_weight": 0.6630373334082568,
      "n_risk_off_rebalances": 0,
      "delta_vs_prev": {
        "sharpe_ratio": 0.1337837252872408,
        "annualized_return": -0.08152075705283757,
        "max_drawdown": 0.1971947812031251,
        "total_return": -2.1970588221538545
      },
      "delta_vs_baseline": {
        "sharpe_ratio": 0.1337837252872408,
        "annualized_return": -0.08152075705283757,
        "max_drawdown": 0.1971947812031251,
        "total_return": -2.1970588221538545
      }
    },
    {
      "layer": "+ regime gate",
      "flags": {
        "enable_vol_target": true,
        "enable_regime_gate": true,
        "enable_corr_filter": false
      },
      "metrics": {
        "total_return": 3.2504651632733124,
        "annualized_return": 0.2519644993142933,
        "sharpe_ratio": 1.1106128740104972,
        "max_drawdown": -0.332621643338027,
        "hit_rate": 0.5507692307692308,
        "n_periods": 325.0,
        "n_years": 6.44
      },
      "ci": {
        "n_resamples": 1000,
        "alpha": 0.05,
        "ci_level": 0.95,
        "n_trades": 325,
        "n_years": 6.44,
        "sharpe_ratio": {
          "point": 1.1106128740104972,
          "ci_low": 0.3355441910131287,
          "ci_high": 1.8397720280614944,
          "ci_alpha": 0.05
        },
        "annualized_return": {
          "point": 0.2519644993142933,
          "ci_low": 0.051589909973638604,
          "ci_high": 0.4907744043818527,
          "ci_alpha": 0.05
        },
        "max_drawdown": {
          "point": -0.332621643338027,
          "ci_low": -0.4652727572949561,
          "ci_high": -0.15639524865405152,
          "ci_alpha": 0.05
        },
        "hit_rate": {
          "point": 0.5507692307692308,
          "ci_low": 0.4953076923076923,
          "ci_high": 0.600076923076923,
          "ci_alpha": 0.05
        },
        "total_return": {
          "point": 3.2504651632733124,
          "ci_low": 0.3825856085155409,
          "ci_high": 12.084973663476886,
          "ci_alpha": 0.05
        }
      },
      "n_trades": 325,
      "avg_gross_weight": 0.6296500424565764,
      "n_risk_off_rebalances": 41,
      "delta_vs_prev": {
        "sharpe_ratio": 0.026164077000115915,
        "annualized_return": -0.007398814847789925,
        "max_drawdown": 0.010958266061232236,
        "total_return": -0.16437619828301298
      },
      "delta_vs_baseline": {
        "sharpe_ratio": 0.15994780228735672,
        "annualized_return": -0.08891957190062749,
        "max_drawdown": 0.20815304726435735,
        "total_return": -2.3614350204368675
      }
    },
    {
      "layer": "+ correlation filter (v2)",
      "flags": {
        "enable_vol_target": true,
        "enable_regime_gate": true,
        "enable_corr_filter": true
      },
      "metrics": {
        "total_return": 3.136268453495892,
        "annualized_return": 0.2466807227988479,
        "sharpe_ratio": 1.0920661453789748,
        "max_drawdown": -0.3427868896325233,
        "hit_rate": 0.5446153846153846,
        "n_periods": 325.0,
        "n_years": 6.44
      },
      "ci": {
        "n_resamples": 1000,
        "alpha": 0.05,
        "ci_level": 0.95,
        "n_trades": 325,
        "n_years": 6.44,
        "sharpe_ratio": {
          "point": 1.0920661453789748,
          "ci_low": 0.31927318304184066,
          "ci_high": 1.8237927436821513,
          "ci_alpha": 0.05
        },
        "annualized_return": {
          "point": 0.2466807227988479,
          "ci_low": 0.04858943392338025,
          "ci_high": 0.48321272013578276,
          "ci_alpha": 0.05
        },
        "max_drawdown": {
          "point": -0.3427868896325233,
          "ci_low": -0.4674047179372266,
          "ci_high": -0.1567974415853969,
          "ci_alpha": 0.05
        },
        "hit_rate": {
          "point": 0.5446153846153846,
          "ci_low": 0.48923076923076925,
          "ci_high": 0.5969230769230769,
          "ci_alpha": 0.05
        },
        "total_return": {
          "point": 3.136268453495892,
          "ci_low": 0.35737528062465235,
          "ci_high": 11.663398307064304,
          "ci_alpha": 0.05
        }
      },
      "n_trades": 325,
      "avg_gross_weight": 0.626686040919268,
      "n_risk_off_rebalances": 41,
      "delta_vs_prev": {
        "sharpe_ratio": -0.018546728631522402,
        "annualized_return": -0.005283776515445426,
        "max_drawdown": -0.010165246294496277,
        "total_return": -0.11419670977742058
      },
      "delta_vs_baseline": {
        "sharpe_ratio": 0.14140107365583432,