{
  "generated_at": "2026-05-12T13:52:08.916047",
  "n_resamples": 1000,
  "rows": [
    {
      "layer": "v1 baseline (equal-weight)",
      "flags": {
        "enable_vol_target": false,
        "enable_regime_gate": false,
        "enable_corr_filter": false
      },
      "metrics": {
        "total_return": 3.7536386962257016,
        "annualized_return": 0.260795385715763,
        "sharpe_ratio": 0.7612354616586038,
        "max_drawdown": -0.5487253341474873,
        "hit_rate": 0.5339233038348082,
        "n_periods": 339.0,
        "n_years": 6.73
      },
      "ci": {
        "n_resamples": 1000,
        "alpha": 0.05,
        "ci_level": 0.95,
        "n_trades": 339,
        "n_years": 6.73,
        "sharpe_ratio": {
          "point": 0.7612354616586038,
          "ci_low": 0.06301371418281274,
          "ci_high": 1.5850526164727525,
          "ci_alpha": 0.05
        },
        "annualized_return": {
          "point": 0.260795385715763,
          "ci_low": -0.05774479431505518,
          "ci_high": 0.7663842404786939,
          "ci_alpha": 0.05
        },
        "max_drawdown": {
          "point": -0.5487253341474873,
          "ci_low": -0.7844647494198569,
          "ci_high": -0.33325153716696737,
          "ci_alpha": 0.05
        },
        "hit_rate": {
          "point": 0.5339233038348082,
          "ci_low": 0.4808259587020649,
          "ci_high": 0.5899705014749262,
          "ci_alpha": 0.05
        },
        "total_return": {
          "point": 3.7536386962257016,
          "ci_low": -0.3298750429858801,
          "ci_high": 45.01332504758215,
          "ci_alpha": 0.05
        }
      },
      "n_trades": 339,
      "avg_gross_weight": 1.0,
      "n_risk_off_rebalances": 0,
      "delta_vs_prev": null,
      "delta_vs_baseline": null
    },
    {
      "layer": "+ vol-targeted sizing",
      "flags": {
        "enable_vol_target": true,
        "enable_regime_gate": false,
        "enable_corr_filter": false
      },
      "metrics": {
        "total_return": 1.9755525433186918,
        "annualized_return": 0.1759777214211582,
        "sharpe_ratio": 0.805639334416073,
        "max_drawdown": -0.30241947079987136,
        "hit_rate": 0.5457227138643068,
        "n_periods": 339.0,
        "n_years": 6.73
      },
      "ci": {
        "n_resamples": 1000,
        "alpha": 0.05,
        "ci_level": 0.95,
        "n_trades": 339,
        "n_years": 6.73,
        "sharpe_ratio": {
          "point": 0.805639334416073,
          "ci_low": 0.11025959074712267,
          "ci_high": 1.614131666582128,
          "ci_alpha": 0.05
        },
        "annualized_return": {
          "point": 0.1759777214211582,
          "ci_low": -0.003356926598445947,
          "ci_high": 0.41453686449616345,
          "ci_alpha": 0.05
        },
        "max_drawdown": {
          "point": -0.30241947079987136,
          "ci_low": -0.5319959830248528,
          "ci_high": -0.18616932321365348,
          "ci_alpha": 0.05
        },
        "hit_rate": {
          "point": 0.5457227138643068,
          "ci_low": 0.49262536873156343,
          "ci_high": 0.6017699115044248,
          "ci_alpha": 0.05
        },
        "total_return": {
          "point": 1.9755525433186918,
          "ci_low": -0.022375955230743115,
          "ci_high": 9.318936111692762,
          "ci_alpha": 0.05
        }
      },
      "n_trades": 339,
      "avg_gross_weight": 0.6101547180765812,
      "n_risk_off_rebalances": 0,
      "delta_vs_prev": {
        "sharpe_ratio": 0.044403872757469265,
        "annualized_return": -0.0848176642946048,
        "max_drawdown": 0.2463058633476159,
        "total_return": -1.7780861529070098
      },
      "delta_vs_baseline": {
        "sharpe_ratio": 0.044403872757469265,
        "annualized_return": -0.0848176642946048,
        "max_drawdown": 0.2463058633476159,
        "total_return": -1.7780861529070098
      }
    },
    {
      "layer": "+ regime gate",
      "flags": {
        "enable_vol_target": true,
        "enable_regime_gate": true,
        "enable_corr_filter": false
      },
      "metrics": {
        "total_return": 2.0481292361703387,
        "annualized_return": 0.1801980713681921,
        "sharpe_ratio": 0.8418091031287724,
        "max_drawdown": -0.3033613714766564,
        "hit_rate": 0.5457227138643068,
        "n_periods": 339.0,
        "n_years": 6.73
      },
      "ci": {
        "n_resamples": 1000,
        "alpha": 0.05,
        "ci_level": 0.95,
        "n_trades": 339,
        "n_years": 6.73,
        "sharpe_ratio": {
          "point": 0.8418091031287724,
          "ci_low": 0.1366688284628456,
          "ci_high": 1.6282032168524234,
          "ci_alpha": 0.05
        },
        "annualized_return": {
          "point": 0.1801980713681921,
          "ci_low": 0.004974850832545686,
          "ci_high": 0.40190103689673934,
          "ci_alpha": 0.05
        },
        "max_drawdown": {
          "point": -0.3033613714766564,
          "ci_low": -0.5193970152374013,
          "ci_high": -0.17532578217512657,
          "ci_alpha": 0.05
        },
        "hit_rate": {
          "point": 0.5457227138643068,
          "ci_low": 0.49262536873156343,
          "ci_high": 0.6017699115044248,
          "ci_alpha": 0.05
        },
        "total_return": {
          "point": 2.0481292361703387,
          "ci_low": 0.03396205650740565,
          "ci_high": 8.714219052547854,
          "ci_alpha": 0.05
        }
      },
      "n_trades": 339,
      "avg_gross_weight": 0.5841100691524355,
      "n_risk_off_rebalances": 41,
      "delta_vs_prev": {
        "sharpe_ratio": 0.03616976871269939,
        "annualized_return": 0.004220349947033908,
        "max_drawdown": -0.000941900676785068,
        "total_return": 0.07257669285164692
      },
      "delta_vs_baseline": {
        "sharpe_ratio": 0.08057364147016866,
        "annualized_return": -0.08059731434757089,
        "max_drawdown": 0.24536396267083083,
        "total_return": -1.7055094600553629
      }
    },
    {
      "layer": "+ correlation filter (v2)",
      "flags": {
        "enable_vol_target": true,
        "enable_regime_gate": true,
        "enable_corr_filter": true
      },
      "metrics": {
        "total_return": 1.9398767713735556,
        "annualized_return": 0.17387095095153837,
        "sharpe_ratio": 0.819695076583931,
        "max_drawdown": -0.3280271566125334,
        "hit_rate": 0.5427728613569321,
        "n_periods": 339.0,
        "n_years": 6.73
      },
      "ci": {
        "n_resamples": 1000,
        "alpha": 0.05,
        "ci_level": 0.95,
        "n_trades": 339,
        "n_years": 6.73,
        "sharpe_ratio": {
          "point": 0.819695076583931,
          "ci_low": 0.11058223773477965,
          "ci_high": 1.6018083321816077,
          "ci_alpha": 0.05
        },
        "annualized_return": {
          "point": 0.17387095095153837,
          "ci_low": 0.00038025859118528884,
          "ci_high": 0.40023948952903454,
          "ci_alpha": 0.05
        },
        "max_drawdown": {
          "point": -0.3280271566125334,
          "ci_low": -0.5234945015148078,
          "ci_high": -0.1772079340211808,
          "ci_alpha": 0.05
        },
        "hit_rate": {
          "point": 0.5427728613569321,
          "ci_low": 0.48960176991150445,
          "ci_high": 0.5959439528023598,
          "ci_alpha": 0.05
        },
        "total_return": {
          "point": 1.9398767713735556,
          "ci_low": 0.002562848675038853,
          "ci_high": 8.637002168709696,
          "ci_alpha": 0.05
        }
      },
      "n_trades": 339,
      "avg_gross_weight": 0.5805358895937895,
      "n_risk_off_rebalances": 41,
      "delta_vs_prev": {
        "sharpe_ratio": -0.022114026544841403,
        "annualized_return": -0.006327120416653731,
        "max_drawdown": -0.024665785135876972,
        "total_return": -0.10825246479678308
      },
      "delta_vs_baseline": {
        "sharpe_ratio": 0.05845961492532725,