{
  "strategy": {
    "total_return": 5.61190018371018,
    "annualized_return": 0.3408840712149208,
    "sharpe_ratio": 0.9506650717231405,
    "max_drawdown": -0.5407746906023844,
    "hit_rate": 0.5476923076923077,
    "n_periods": 325.0,
    "n_years": 6.44
  },
  "strategy_ci": {
    "n_resamples": 1000,
    "alpha": 0.05,
    "ci_level": 0.95,
    "n_trades": 325,
    "n_years": 6.44,
    "sharpe_ratio": {
      "point": 0.9506650717231405,
      "ci_low": 0.16122103406579277,
      "ci_high": 1.6885579146932561,
      "ci_alpha": 0.05
    },
    "annualized_return": {
      "point": 0.3408840712149208,
      "ci_low": -0.01189747767985317,
      "ci_high": 0.7824172045491178,
      "ci_alpha": 0.05
    },
    "max_drawdown": {
      "point": -0.5407746906023844,
      "ci_low": -0.7456151183976957,
      "ci_high": -0.2885828313714563,
      "ci_alpha": 0.05
    },
    "hit_rate": {
      "point": 0.5476923076923077,
      "ci_low": 0.49223076923076925,
      "ci_high": 0.5969230769230769,
      "ci_alpha": 0.05
    },
    "total_return": {
      "point": 5.61190018371018,
      "ci_low": -0.07418065189016569,
      "ci_high": 40.35250786894132,
      "ci_alpha": 0.05
    }
  },
  "spy": {
    "total_return": 1.5086515519480326,
    "annualized_return": 0.15353409599710321,
    "sharpe_ratio": 0.806648622491449,
    "max_drawdown": -0.3371727469129618,
    "hit_rate": 0.554595928439235,
    "n_periods": 1621.0,
    "n_years": 6.44
  },
  "equal_weight": {
    "total_return": 4.127239414724029,
    "annualized_return": 0.2889622972593082,
    "sharpe_ratio": 1.2169020868482894,
    "max_drawdown": -0.3209507150262732,
    "hit_rate": 0.5663170882171499,
    "n_periods": 1621.0,
    "n_years": 6.44
  },
  "config": {
    "top_n": 2,
    "holding_days": 5,
    "commission_per_trade_bps": 5.0,
    "slippage_per_trade_bps": 5.0,
    "initial_capital": 10000
  }
}