{
  "v3_strategy": {
    "total_return": 1.7743466984814544,
    "annualized_return": 0.1638014663101599,
    "sharpe_ratio": 0.7825010324723354,
    "max_drawdown": -0.3344951291344814,
    "hit_rate": 0.5398230088495575,
    "n_periods": 339.0,
    "n_years": 6.73
  },
  "v3_strategy_ci": {
    "n_resamples": 1000,
    "alpha": 0.05,
    "ci_level": 0.95,
    "n_trades": 339,
    "n_years": 6.73,
    "sharpe_ratio": {
      "point": 0.7825010324723354,
      "ci_low": 0.0765696363548085,
      "ci_high": 1.5654394131202454,
      "ci_alpha": 0.05
    },
    "annualized_return": {
      "point": 0.1638014663101599,
      "ci_low": -0.008921863889618627,
      "ci_high": 0.38858909770728434,
      "ci_alpha": 0.05
    },
    "max_drawdown": {
      "point": -0.3344951291344814,
      "ci_low": -0.5288427835829433,
      "ci_high": -0.1807251184207349,
      "ci_alpha": 0.05
    },
    "hit_rate": {
      "point": 0.5398230088495575,
      "ci_low": 0.48672566371681414,
      "ci_high": 0.5929203539823009,
      "ci_alpha": 0.05
    },
    "total_return": {
      "point": 1.7743466984814544,
      "ci_low": -0.05852694516806914,
      "ci_high": 8.110062419788202,
      "ci_alpha": 0.05
    }
  },
  "v2_strategy": {
    "total_return": 1.9398767713735556,
    "annualized_return": 0.17387095095153837,
    "sharpe_ratio": 0.819695076583931,
    "max_drawdown": -0.3280271566125334,
    "hit_rate": 0.5427728613569321,
    "n_periods": 339.0,
    "n_years": 6.73
  },
  "config": {
    "top_n": 2,
    "holding_days": 5,
    "atr_multiplier": 3.0,
    "atr_window": 10,
    "cost_per_leg_bps": 20.0,
    "initial_capital": 10000
  },
  "exit_reasons": {
    "scheduled": 633,
    "stop_intraday": 35,
    "stop_gap": 10
  },
  "n_per_trade": 678,
  "acceptance": {
    "maxdd_delta_pp": -0.6468,
    "cagr_delta_pp": -1.0069,
    "sharpe_delta": -0.0372,
    "passed": false
  }
}