{
  "strategy": {
    "total_return": 3.7536386962257016,
    "annualized_return": 0.260795385715763,
    "sharpe_ratio": 0.7612354616586038,
    "max_drawdown": -0.5487253341474873,
    "hit_rate": 0.5339233038348082,
    "n_periods": 339.0,
    "n_years": 6.73
  },
  "strategy_ci": {
    "n_resamples": 1000,
    "alpha": 0.05,
    "ci_level": 0.95,
    "n_trades": 339,
    "n_years": 6.73,
    "sharpe_ratio": {
      "point": 0.7612354616586038,
      "ci_low": 0.06301371418281274,
      "ci_high": 1.5850526164727525,
      "ci_alpha": 0.05
    },
    "annualized_return": {
      "point": 0.260795385715763,
      "ci_low": -0.05774479431505518,
      "ci_high": 0.7663842404786939,
      "ci_alpha": 0.05
    },
    "max_drawdown": {
      "point": -0.5487253341474873,
      "ci_low": -0.7844647494198569,
      "ci_high": -0.33325153716696737,
      "ci_alpha": 0.05
    },
    "hit_rate": {
      "point": 0.5339233038348082,
      "ci_low": 0.4808259587020649,
      "ci_high": 0.5899705014749262,
      "ci_alpha": 0.05
    },
    "total_return": {
      "point": 3.7536386962257016,
      "ci_low": -0.3298750429858801,
      "ci_high": 45.01332504758215,
      "ci_alpha": 0.05
    }
  },
  "spy": {
    "total_return": 1.7836457963125918,
    "annualized_return": 0.1643805285573765,
    "sharpe_ratio": 0.8376329179491723,
    "max_drawdown": -0.33717274691296195,
    "hit_rate": 0.5541099940863394,
    "n_periods": 1691.0,
    "n_years": 6.73
  },
  "equal_weight": {
    "total_return": 4.749082803467335,
    "annualized_return": 0.29693904982066743,
    "sharpe_ratio": 1.2328418767391478,
    "max_drawdown": -0.32095071502627287,
    "hit_rate": 0.5659373151981076,
    "n_periods": 1691.0,
    "n_years": 6.73
  },
  "config": {
    "top_n": 2,
    "holding_days": 5,
    "commission_per_trade_bps": 5.0,
    "slippage_per_trade_bps": 5.0,
    "initial_capital": 10000
  }
}